PORSCHE, GTI Klappe,399.0,399
UNILEVER, Ajax Reiniger,1.29,1.29000000000000003552713678800500929355621337890625
Samsung, Tablet Master,399.9,399.8999999999999772626324556767940521240234375
APPLE, iMac,2002.0,2002
